,Lamp5-MET-1,Pvalb-MET-1,Pvalb-MET-2,Pvalb-MET-3,Pvalb-MET-4,Sncg-MET-1,Sst-MET-1,Sst-MET-10,Sst-MET-12,Sst-MET-13,Sst-MET-2,Sst-MET-3,Sst-MET-4,Sst-MET-5,Sst-MET-6,Sst-MET-7,Sst-MET-8,Sst-MET-9,Vip-MET-1,Vip-MET-2,Vip-MET-4,Vip-MET-5
Lamp5-MET-1,0.8511627906976744,0.0,0.026744186046511628,0.0,0.020930232558139535,0.010465116279069767,0.0,0.0,0.005813953488372093,0.0,0.0011627906976744186,0.0,0.0,0.0,0.0,0.005813953488372093,0.03372093023255814,0.0,0.022093023255813953,0.0,0.0011627906976744186,0.020930232558139535
Pvalb-MET-1,0.0,0.4928571428571429,0.2714285714285714,0.007142857142857143,0.0,0.0,0.0,0.0,0.20714285714285716,0.0,0.0,0.0,0.0,0.0,0.02142857142857143,0.0,0.0,0.0,0.0,0.0,0.0,0.0
Pvalb-MET-2,0.0,0.0390625,0.9234375,0.0,0.0,0.003125,0.009375,0.0,0.0234375,0.0015625,0.0,0.0,0.0,0.0,0.0,0.0,0.0,0.0,0.0,0.0,0.0,0.0
Pvalb-MET-3,0.0,0.0,0.0,0.825,0.0,0.0,0.0,0.0,0.04,0.03,0.0,0.0,0.0,0.005,0.0,0.095,0.005,0.0,0.0,0.0,0.0,0.0
Pvalb-MET-4,0.08536585365853659,0.0,0.024390243902439025,0.07560975609756097,0.4378048780487805,0.04878048780487805,0.0,0.0,0.08658536585365853,0.0024390243902439024,0.05121951219512195,0.003658536585365854,0.02195121951219512,0.0024390243902439024,0.0,0.02804878048780488,0.12317073170731707,0.0,0.0,0.0,0.0,0.00853658536585366
Sncg-MET-1,0.05625,0.0,0.0921875,0.0,0.0859375,0.4,0.0484375,0.0046875,0.059375,0.0265625,0.0296875,0.0,0.0,0.0,0.0,0.0,0.0,0.0,0.1296875,0.009375,0.009375,0.0484375
Sst-MET-1,0.0,0.0,0.1875,0.053125,0.028125,0.1625,0.29375,0.059375,0.0625,0.075,0.0,0.0375,0.0,0.0,0.0,0.009375,0.0,0.003125,0.0,0.009375,0.00625,0.0125
Sst-MET-10,0.0,0.0,0.125,0.085,0.0,0.0,0.065,0.48,0.04,0.13,0.0,0.0,0.0,0.0,0.0,0.0,0.0,0.075,0.0,0.0,0.0,0.0
Sst-MET-12,0.0,0.08454545454545455,0.11,0.01,0.0,0.0,0.03,0.05272727272727273,0.41363636363636364,0.13,0.0,0.017272727272727273,0.045454545454545456,0.031818181818181815,0.025454545454545455,0.04,0.0009090909090909091,0.008181818181818182,0.0,0.0,0.0,0.0
Sst-MET-13,0.0,0.06086956521739131,0.05,0.0,0.0,0.0,0.03260869565217391,0.015217391304347827,0.1782608695652174,0.44782608695652176,0.0,0.0,0.017391304347826087,0.030434782608695653,0.08695652173913043,0.0,0.0,0.0782608695652174,0.0,0.002173913043478261,0.0,0.0
Sst-MET-2,0.05,0.0,0.0,0.0,0.10277777777777777,0.05555555555555555,0.0,0.0,0.0,0.0,0.5,0.18055555555555555,0.06666666666666667,0.044444444444444446,0.0,0.0,0.0,0.0,0.0,0.0,0.0,0.0
Sst-MET-3,0.0019230769230769232,0.0,0.0,0.0,0.032692307692307694,0.0,0.0,0.0,0.0,0.0,0.07884615384615384,0.8269230769230769,0.038461538461538464,0.0,0.0,0.0,0.01730769230769231,0.0,0.0,0.0,0.0,0.0038461538461538464
Sst-MET-4,0.0,0.0,0.0,0.0,0.0,0.0,0.0,0.0,0.0,0.06666666666666667,0.0,0.0,0.7233333333333334,0.0033333333333333335,0.12666666666666668,0.08,0.0,0.0,0.0,0.0,0.0,0.0
Sst-MET-5,0.0,0.0,0.0,0.03333333333333333,0.0,0.0,0.0,0.0,0.0,0.0,0.0,0.0,0.0125,0.6041666666666666,0.3333333333333333,0.004166666666666667,0.0,0.0125,0.0,0.0,0.0,0.0
Sst-MET-6,0.0,0.0,0.0,0.0,0.0,0.0,0.0,0.0,0.04722222222222222,0.058333333333333334,0.0,0.0,0.1111111111111111,0.225,0.4111111111111111,0.06666666666666667,0.0,0.08055555555555556,0.0,0.0,0.0,0.0
Sst-MET-7,0.0,0.0,0.0,0.1318181818181818,0.0,0.0,0.0,0.0,0.0,0.0,0.0,0.0,0.21363636363636362,0.04090909090909091,0.11363636363636363,0.4090909090909091,0.013636363636363636,0.07727272727272727,0.0,0.0,0.0,0.0
Sst-MET-8,0.030555555555555555,0.0,0.0,0.0,0.013888888888888888,0.0,0.0,0.0,0.0,0.0,0.0,0.075,0.0,0.0,0.0,0.025,0.8555555555555555,0.0,0.0,0.0,0.0,0.0
Sst-MET-9,0.0,0.0,0.0,0.05,0.0,0.0,0.0,0.060714285714285714,0.0,0.007142857142857143,0.0,0.0,0.0,0.15,0.1357142857142857,0.02857142857142857,0.0,0.5678571428571428,0.0,0.0,0.0,0.0
Vip-MET-1,0.02608695652173913,0.0,0.0,0.0,0.0,0.0,0.0,0.0,0.0,0.0,0.0,0.0,0.0,0.0,0.0,0.02391304347826087,0.0,0.0,0.6130434782608696,0.12391304347826088,0.11521739130434783,0.09782608695652174
Vip-MET-2,0.0,0.0,0.0,0.0,0.0,0.0,0.0,0.0,0.0,0.0,0.0,0.0,0.0,0.0,0.0,0.0,0.0,0.0,0.016666666666666666,0.62,0.24333333333333335,0.12
Vip-MET-4,0.0,0.0,0.0,0.0,0.0,0.0,0.0,0.0,0.0,0.0,0.0,0.0,0.0,0.0,0.0,0.0,0.0,0.0,0.3352941176470588,0.25882352941176473,0.40588235294117647,0.0
Vip-MET-5,0.009523809523809525,0.0,0.0,0.0,0.0,0.04523809523809524,0.0,0.0,0.0,0.0,0.0,0.0,0.0,0.0,0.0,0.0,0.0,0.0,0.06904761904761905,0.009523809523809525,0.002380952380952381,0.8642857142857143
